{
  "_id": "65f4619b8ee4ec60f3454ceb",
  "version": 2.1,
  "name": "Biblioteca Maluhy",
  "description": "",
  "screenSize": {
    "w": 414,
    "h": 896
  },
  "type": "smartphone",
  "screens": {
    "s10000_38479": {
      "x": 1134,
      "y": 1066,
      "h": 896,
      "w": 414,
      "name": "Screen",
      "type": "Screen",
      "style": {
        "background": "#d3e992"
      },
      "min": {
        "w": 414,
        "h": 896
      },
      "has": {
        "image": true
      },
      "props": {
        "start": true
      },
      "children": [
        "w10007_74015",
        "w10006_65445",
        "w10003_29955",
        "w10005_30429",
        "w10002_89085",
        "w10004_86489",
        "w10010_70972",
        "w10012_68889"
      ],
      "id": "s10000_38479",
      "modified": 1710520209058
    },
    "s10001_4574": {
      "x": 1627,
      "y": 1066,
      "h": 896,
      "w": 414,
      "name": "Screen 1",
      "type": "Screen",
      "style": {
        "background": "#f0f8db"
      },
      "min": {
        "w": 414,
        "h": 896
      },
      "has": {
        "image": true
      },
      "props": {
        "start": false
      },
      "children": [
        "w10029_59605",
        "w10048_17133",
        "w10028_86234",
        "w10026_23525"
      ],
      "id": "s10001_4574",
      "modified": 1710521991069
    },
    "s10027_35909": {
      "x": 2131,
      "y": 1066,
      "h": 896,
      "w": 414,
      "name": "Screen 2",
      "type": "Screen",
      "style": {
        "background": "#f0f8db"
      },
      "min": {
        "w": 414,
        "h": 896
      },
      "has": {
        "image": true
      },
      "props": {
        "start": false
      },
      "children": [
        "w10038_91317",
        "w10037_52076",
        "w10034_16114",
        "w10035_65961",
        "w10036_70938",
        "w10040_24150",
        "w10039_19938",
        "w10032_91342",
        "w10041_18325",
        "w10042_29627",
        "w10043_29157",
        "w10044_89618",
        "w10046_41020",
        "w10047_80302"
      ],
      "id": "s10027_35909",
      "modified": 1710522919821
    },
    "s10049_62337": {
      "x": 2630,
      "y": 1066,
      "h": 896,
      "w": 414,
      "name": "Screen 3",
      "type": "Screen",
      "style": {
        "background": "#d3e992"
      },
      "min": {
        "w": 414,
        "h": 896
      },
      "has": {
        "image": true
      },
      "props": {
        "start": false
      },
      "children": [],
      "id": "s10049_62337",
      "modified": 1710524421092
    }
  },
  "widgets": {
    "w10002_89085": {
      "id": "w10002_89085",
      "type": "TextBox",
      "name": "Text Box (Email)",
      "x": 1259,
      "y": 1483,
      "w": 200,
      "h": 40,
      "z": 1,
      "props": {
        "label": "Enter an email",
        "placeholder": true,
        "validation": {
          "type": "email"
        }
      },
      "has": {
        "label": true,
        "backgroundColor": true,
        "border": true,
        "editable": true,
        "onclick": true,
        "padding": true
      },
      "style": {
        "color": "#333333",
        "fontFamily": "Helvetica Neue,Helvetica,Arial,sans-serif",
        "borderTopRightRadius": 32,
        "borderTopLeftRadius": 32,
        "borderBottomRightRadius": 32,
        "borderBottomLeftRadius": 32,
        "borderTopWidth": 2,
        "borderBottomWidth": 2,
        "borderRightWidth": 2,
        "borderLeftWidth": 2,
        "fontSize": 18,
        "borderTopColor": "#77c475",
        "borderBottomColor": "#77c475",
        "borderRightColor": "#77c475",
        "borderLeftColor": "#77c475",
        "background": "#ffffff",
        "paddingTop": 5,
        "paddingBottom": 5,
        "paddingLeft": 5,
        "paddingRight": 5,
        "textAlign": "left",
        "boxShadow": {
          "v": 2,
          "h": 2,
          "b": 0,
          "s": 0,
          "c": "#0c5f11"
        }
      },
      "error": {
        "borderTopColor": "#cc0000",
        "borderBottomColor": "#cc0000",
        "borderRightColor": "#cc0000",
        "borderLeftColor": "#cc0000",
        "background": "#ffcaca"
      },
      "focus": {
        "background": "#f2f2f2"
      },
      "hover": {
        "background": "#f2f2f2"
      },
      "created": 1710519846333,
      "modified": 1710521530702
    },
    "w10003_29955": {
      "id": "w10003_29955",
      "type": "Password",
      "name": "Password  (Hide & Show)",
      "x": 1259,
      "y": 1535,
      "w": 200,
      "h": 40,
      "z": 2,
      "props": {
        "label": "",
        "cleartext": true,
        "cleartextHideLabel": "Hide",
        "cleartextShowLabel": "Show"
      },
      "has": {
        "label": true,
        "backgroundColor": true,
        "border": true,
        "editable": true,
        "onclick": true,
        "padding": true
      },
      "style": {
        "color": "#333333",
        "fontFamily": "Helvetica Neue,Helvetica,Arial,sans-serif",
        "borderTopRightRadius": 32,
        "borderTopLeftRadius": 32,
        "borderBottomRightRadius": 32,
        "borderBottomLeftRadius": 32,
        "borderTopWidth": 2,
        "borderBottomWidth": 2,
        "borderRightWidth": 2,
        "borderLeftWidth": 2,
        "fontSize": 18,
        "borderTopColor": "#77c475",
        "borderBottomColor": "#77c475",
        "borderRightColor": "#77c475",
        "borderLeftColor": "#77c475",
        "background": "#ffffff",
        "paddingTop": 5,
        "paddingBottom": 5,
        "paddingLeft": 5,
        "paddingRight": 5,
        "textAlign": "left",
        "boxShadow": {
          "v": 2,
          "h": 2,
          "b": 0,
          "s": 0,
          "c": "#0c5f11"
        }
      },
      "created": 1710519941104,
      "modified": 1710521538699
    },
    "w10004_86489": {
      "id": "w10004_86489",
      "type": "Icon",
      "name": "Icon",
      "x": 1202,
      "y": 1483,
      "w": 40,
      "h": 40,
      "z": 3,
      "props": {},
      "has": {
        "onclick": true,
        "data": true
      },
      "actions": {},
      "style": {
        "borderTopRightRadius": 0,
        "borderTopLeftRadius": 0,
        "borderBottomRightRadius": 0,
        "borderBottomLeftRadius": 0,
        "borderTopWidth": 0,
        "borderBottomWidth": 0,
        "borderRightWidth": 0,
        "borderLeftWidth": 0,
        "borderTopColor": "#333333",
        "borderBottomColor": "#333333",
        "borderRightColor": "#333333",
        "borderLeftColor": "#333333",
        "color": "#77c475",
        "icon": "mdi mdi-account",
        "boxShadow": {
          "v": 1,
          "h": 1,
          "b": 0,
          "s": 0,
          "c": "#000000"
        }
      },
      "created": 1710519987111,
      "modified": 1710521525442
    },
    "w10005_30429": {
      "id": "w10005_30429",
      "type": "Icon",
      "name": "Icon 1",
      "x": 1202,
      "y": 1535,
      "w": 40,
      "h": 40,
      "z": 4,
      "props": {},
      "has": {
        "onclick": true,
        "data": true
      },
      "actions": {},
      "style": {
        "borderTopRightRadius": 0,
        "borderTopLeftRadius": 0,
        "borderBottomRightRadius": 0,
        "borderBottomLeftRadius": 0,
        "borderTopWidth": 0,
        "borderBottomWidth": 0,
        "borderRightWidth": 0,
        "borderLeftWidth": 0,
        "borderTopColor": "#333333",
        "borderBottomColor": "#333333",
        "borderRightColor": "#333333",
        "borderLeftColor": "#333333",
        "color": "#77c475",
        "icon": "mdi mdi-lastpass",
        "boxShadow": {
          "v": 1,
          "h": 1,
          "b": 0,
          "s": 0,
          "c": "#000000"
        }
      },
      "created": 1710520021720,
      "modified": 1710521502034
    },
    "w10006_65445": {
      "id": "w10006_65445",
      "type": "Button",
      "name": "Button",
      "x": 1259,
      "y": 1639,
      "w": 164,
      "h": 52,
      "z": 5,
      "props": {
        "label": "ENTRAR"
      },
      "has": {
        "backgroundColor": true,
        "border": true,
        "onclick": true,
        "label": true,
        "padding": true
      },
      "actions": {},
      "style": {
        "fontFamily": "Impact, Charcoal, sans-serif",
        "borderTopRightRadius": 0,
        "borderTopLeftRadius": 0,
        "borderBottomRightRadius": 0,
        "borderBottomLeftRadius": 0,
        "borderTopWidth": 1,
        "borderBottomWidth": 1,
        "borderRightWidth": 1,
        "borderLeftWidth": 1,
        "borderTopColor": "#c5e26d",
        "borderBottomColor": "#c5e26d",
        "borderRightColor": "#c5e26d",
        "borderLeftColor": "#c5e26d",
        "background": "#77c475",
        "fontSize": 20,
        "textAlign": "center",
        "letterSpacing": 0,
        "lineHeight": 1,
        "color": "#d3e992",
        "paddingTop": 0,
        "paddingBottom": 0,
        "paddingLeft": 0,
        "paddingRight": 0,
        "verticalAlign": "middle"
      },
      "created": 1710520443081,
      "modified": 1710521570626
    },
    "w10007_74015": {
      "id": "w10007_74015",
      "type": "Button",
      "name": "Success Button",
      "x": 1259,
      "y": 1707,
      "w": 164,
      "h": 47,
      "z": 6,
      "props": {
        "label": "CADASTRE-SE"
      },
      "has": {
        "backgroundColor": true,
        "border": true,
        "onclick": true,
        "label": true,
        "padding": true
      },
      "style": {
        "fontSize": 20,
        "fontFamily": "Impact, Charcoal, sans-serif",
        "textAlign": "center",
        "letterSpacing": 0,
        "lineHeight": 1.42857,
        "background": null,
        "borderTopColor": "#5cb85c",
        "borderBottomColor": "#5cb85c",
        "borderRightColor": "#5cb85c",
        "borderLeftColor": "#5cb85c",
        "borderTopRightRadius": 4,
        "borderTopLeftRadius": 4,
        "borderBottomRightRadius": 4,
        "borderBottomLeftRadius": 4,
        "borderTopWidth": 1,
        "borderBottomWidth": 1,
        "borderRightWidth": 1,
        "borderLeftWidth": 1,
        "color": "#77c475",
        "paddingTop": 10,
        "paddingBottom": 10,
        "paddingLeft": 30,
        "paddingRight": 30,
        "valign": "top",
        "verticalAlign": "middle"
      },
      "hover": {
        "background": "#5cb85c",
        "borderTopColor": "#4cae4c",
        "borderBottomColor": "#4cae4c",
        "borderRightColor": "#4cae4c",
        "borderLeftColor": "#4cae4c",
        "color": "#ffffff"
      },
      "created": 1710520543647,
      "modified": 1710521583735
    },
    "w10010_70972": {
      "id": "w10010_70972",
      "type": "Image",
      "name": "Image",
      "x": 1279,
      "y": 1302,
      "w": 126,
      "h": 136,
      "z": 7,
      "props": {},
      "has": {
        "onclick": true,
        "backgroundImage": true,
        "borderRadius": true
      },
      "actions": {},
      "style": {
        "borderTopRightRadius": 0,
        "borderTopLeftRadius": 0,
        "borderBottomRightRadius": 0,
        "borderBottomLeftRadius": 0,
        "borderTopWidth": 0,
        "borderBottomWidth": 0,
        "borderRightWidth": 0,
        "borderLeftWidth": 0,
        "borderTopColor": "#333333",
        "borderBottomColor": "#333333",
        "borderRightColor": "#333333",
        "borderLeftColor": "#333333",
        "backgroundImage": {
          "name": "fotor-20240315134726.png",
          "url": "image0.png",
          "w": 640,
          "h": 640
        }
      },
      "created": 1710521009843,
      "modified": 1710521593467
    },
    "w10012_68889": {
      "type": "Label",
      "name": "Label 1",
      "x": 1210,
      "y": 1236,
      "w": 290,
      "h": 33,
      "z": 9,
      "props": {
        "label": "BIBLIO MALUHY"
      },
      "has": {
        "label": true,
        "padding": true,
        "advancedText": true
      },
      "style": {
        "fontSize": "Auto",
        "fontFamily": "Comic Sans MS, cursive, sans-serif",
        "textAlign": "left",
        "letterSpacing": 0,
        "lineHeight": 1,
        "color": "#77c475",
        "textShadow": null,
        "fontWeight": "bold"
      },
      "id": "w10012_68889",
      "created": 1710521747637,
      "modified": 1710524500793
    },
    "w10026_23525": {
      "id": "w10026_23525",
      "type": "NavBar",
      "name": "Side Navigation",
      "x": 1706,
      "y": 1393,
      "w": 256,
      "h": 242,
      "z": 10,
      "props": {
        "type": "Side",
        "navigation": [
          {
            "id": 1,
            "label": "LIVROS EMPRESTADOS",
            "icon": "mdi mdi-book-arrow-up",
            "to": "s10049_62337",
            "selected": true
          },
          {
            "id": 2,
            "label": "MINHA LISTA",
            "icon": "mdi mdi-bookshelf",
            "to": ""
          },
          {
            "id": 3,
            "label": "PERFIL",
            "icon": "mdi mdi-account-circle",
            "to": ""
          },
          {
            "id": "n1710522816784",
            "label": "CONFIGURAÇÕES",
            "icon": "mdi mdi-table-of-contents",
            "to": ""
          }
        ]
      },
      "has": {
        "backgroundColor": true,
        "border": true,
        "onclick": true,
        "label": true,
        "padding": true
      },
      "style": {
        "borderTopRightRadius": 32,
        "borderTopLeftRadius": 32,
        "borderBottomRightRadius": 32,
        "borderBottomLeftRadius": 32,
        "borderTopWidth": 4,
        "borderBottomWidth": 4,
        "borderRightWidth": 4,
        "borderLeftWidth": 4,
        "borderTopColor": "#77c475",
        "borderBottomColor": "#77c475",
        "borderRightColor": "#77c475",
        "borderLeftColor": "#77c475",
        "background": "#d3e992",
        "color": "#5cb85c",
        "fontSize": 16,
        "fontFamily": "Comic Sans MS, cursive, sans-serif",
        "textAlign": "left",
        "paddingBottom": 16,
        "paddingTop": 16,
        "paddingLeft": 4,
        "paddingRight": 4,
        "gap": 0,
        "itemGap": 8
      },
      "hover": {
        "background": "#c5e26d",
        "color": "#333333"
      },
      "active": {
        "background": "#d3e992",
        "color": "#4cae4c"
      },
      "created": 1710522374146,
      "modified": 1710524742415
    },
    "w10028_86234": {
      "type": "Label",
      "name": "Label",
      "x": 1718,
      "y": 1301,
      "w": 232,
      "h": 34,
      "z": 11,
      "props": {
        "label": "Bem vindo, ESTUDANTE!"
      },
      "has": {
        "label": true,
        "padding": true,
        "advancedText": true
      },
      "style": {
        "fontSize": "Auto",
        "fontFamily": "Comic Sans MS, cursive, sans-serif",
        "textAlign": "center",
        "letterSpacing": 0,
        "lineHeight": 1,
        "color": "#5cb85c",
        "textShadow": null,
        "fontStyle": "italic",
        "fontWeight": "bold",
        "textDecoration": ""
      },
      "id": "w10028_86234",
      "created": 1710522657477,
      "modified": 1710524472440
    },
    "w10029_59605": {
      "type": "Label",
      "name": "Label 1",
      "x": 1750,
      "y": 1287,
      "w": 0,
      "h": 34,
      "z": 12,
      "props": {
        "label": ""
      },
      "has": {
        "label": true,
        "padding": true,
        "advancedText": true
      },
      "style": {
        "fontSize": "Auto",
        "fontFamily": "Comic Sans MS, cursive, sans-serif",
        "textAlign": "left",
        "letterSpacing": 0,
        "lineHeight": 1,
        "color": "#5cb85c",
        "textShadow": null
      },
      "id": "w10029_59605",
      "created": 1710522729220
    },
    "w10032_91342": {
      "id": "w10032_91342",
      "type": "LabeledTextBox",
      "name": "Labeled Text Box",
      "x": 2177,
      "y": 1248,
      "w": 323,
      "h": 80,
      "z": 13,
      "props": {
        "label": "NOME COMPLETO:",
        "value": "",
        "placeholderLabel": "",
        "animated": false
      },
      "has": {
        "label": true,
        "backgroundColor": true,
        "border": true,
        "editable": true,
        "onclick": true,
        "padding": true
      },
      "style": {
        "color": "#4cae4c",
        "labelColor": "#333333",
        "labelFontSize": 12,
        "labelFontWeight": "",
        "labelOffset": 0,
        "fontFamily": "Comic Sans MS, cursive, sans-serif",
        "borderTopRightRadius": 3,
        "borderTopLeftRadius": 3,
        "borderBottomRightRadius": 3,
        "borderBottomLeftRadius": 3,
        "borderTopWidth": 1,
        "borderBottomWidth": 1,
        "borderRightWidth": 1,
        "borderLeftWidth": 1,
        "fontSize": 24,
        "borderTopColor": "#333333",
        "borderBottomColor": "#333333",
        "borderRightColor": "#333333",
        "borderLeftColor": "#333333",
        "background": "#ffffff",
        "paddingTop": 5,
        "paddingBottom": 5,
        "paddingLeft": 5,
        "paddingRight": 5,
        "textAlign": "left",
        "inputHeight": 40,
        "fontWeight": "bold",
        "fontStyle": "",
        "lineHeight": 3
      },
      "error": {
        "borderTopColor": "#cc0000",
        "borderBottomColor": "#cc0000",
        "borderRightColor": "#cc0000",
        "borderLeftColor": "#cc0000",
        "background": "#ffcaca"
      },
      "focus": {
        "background": "#f2f2f2"
      },
      "created": 1710523052842,
      "modified": 1710524169468
    },
    "w10034_16114": {
      "id": "w10034_16114",
      "type": "MobileDropDown",
      "name": "Day Select",
      "x": 2179,
      "y": 1374,
      "w": 80,
      "h": 40,
      "props": {
        "options": [
          "Day",
          "1",
          "2",
          "3",
          "4",
          "5",
          "6",
          "7",
          "8",
          "9",
          "10",
          "11",
          "12",
          "13",
          "14",
          "15",
          "16",
          "17",
          "18",
          "19",
          "20",
          "21",
          "22",
          "23",
          "24",
          "25",
          "26",
          "27",
          "28",
          "29",
          "30",
          "31"
        ],
        "selected": "Day"
      },
      "has": {
        "onclick": true,
        "border": true,
        "backgroundColor": true,
        "data": true,
        "padding": true,
        "label": true
      },
      "style": {
        "borderTopRightRadius": 3,
        "borderTopLeftRadius": 3,
        "borderBottomRightRadius": 3,
        "borderBottomLeftRadius": 3,
        "borderTopWidth": 1,
        "borderBottomWidth": 1,
        "borderRightWidth": 1,
        "borderLeftWidth": 1,
        "borderTopColor": "#333333",
        "borderBottomColor": "#333333",
        "borderRightColor": "#333333",
        "borderLeftColor": "#333333",
        "background": "#ffffff",
        "popupBackground": "#ffffff",
        "popupColor": "#333333",
        "color": "#333333",
        "fontSize": 18,
        "fontFamily": "Helvetica Neue,Helvetica,Arial,sans-serif",
        "textAlign": "left",
        "paddingTop": 5,
        "paddingBottom": 5,
        "paddingLeft": 6,
        "paddingRight": 6,
        "selectedOptionColor": "#333333",
        "selectedOptionBackground": "#f2f2f2"
      },
      "z": 14,
      "created": 1710523100344,
      "modified": 1710524033905
    },
    "w10035_65961": {
      "id": "w10035_65961",
      "type": "MobileDropDown",
      "name": "Month Select",
      "x": 2269,
      "y": 1374,
      "w": 120,
      "h": 40,
      "props": {
        "options": [
          "Month",
          "January",
          "February",
          "March",
          "April",
          "May",
          "June",
          "July",
          "August",
          "September",
          "October",
          "November",
          "Dezember"
        ],
        "selected": "Month"
      },
      "has": {
        "onclick": true,
        "border": true,
        "backgroundColor": true,
        "data": true,
        "padding": true,
        "label": true
      },
      "style": {
        "borderTopRightRadius": 3,
        "borderTopLeftRadius": 3,
        "borderBottomRightRadius": 3,
        "borderBottomLeftRadius": 3,
        "borderTopWidth": 1,
        "borderBottomWidth": 1,
        "borderRightWidth": 1,
        "borderLeftWidth": 1,
        "borderTopColor": "#333333",
        "borderBottomColor": "#333333",
        "borderRightColor": "#333333",
        "borderLeftColor": "#333333",
        "background": "#ffffff",
        "popupBackground": "#ffffff",
        "popupColor": "#333333",
        "color": "#333333",
        "fontSize": 18,
        "fontFamily": "Helvetica Neue,Helvetica,Arial,sans-serif",
        "textAlign": "left",
        "paddingTop": 5,
        "paddingBottom": 5,
        "paddingLeft": 6,
        "paddingRight": 6,
        "selectedOptionColor": "#333333",
        "selectedOptionBackground": "#f2f2f2"
      },
      "z": 15,
      "created": 1710523100344,
      "modified": 1710524033905
    },
    "w10036_70938": {
      "id": "w10036_70938",
      "type": "MobileDropDown",
      "name": "Year Select",
      "x": 2399,
      "y": 1374,
      "w": 100,
      "h": 40,
      "props": {
        "options": [
          "Year",
          "2016",
          "2015",
          "2014",
          "2013",
          "2012",
          "2010",
          "2009",
          "2008",
          "2007",
          "2006",
          "2005",
          "2004",
          "2003",
          "2002",
          "2001",
          "2000"
        ],
        "selected": "Year"
      },
      "has": {
        "onclick": true,
        "border": true,
        "backgroundColor": true,
        "data": true,
        "padding": true,
        "label": true
      },
      "style": {
        "borderTopRightRadius": 3,
        "borderTopLeftRadius": 3,
        "borderBottomRightRadius": 3,
        "borderBottomLeftRadius": 3,
        "borderTopWidth": 1,
        "borderBottomWidth": 1,
        "borderRightWidth": 1,
        "borderLeftWidth": 1,
        "borderTopColor": "#333333",
        "borderBottomColor": "#333333",
        "borderRightColor": "#333333",
        "borderLeftColor": "#333333",
        "background": "#ffffff",
        "popupBackground": "#ffffff",
        "popupColor": "#333333",
        "color": "#333333",
        "fontSize": 18,
        "fontFamily": "Helvetica Neue,Helvetica,Arial,sans-serif",
        "textAlign": "left",
        "paddingTop": 5,
        "paddingBottom": 5,
        "paddingLeft": 6,
        "paddingRight": 6,
        "selectedOptionColor": "#333333",
        "selectedOptionBackground": "#f2f2f2"
      },
      "z": 16,
      "created": 1710523100344,
      "modified": 1710524033905
    },
    "w10037_52076": {
      "type": "Label",
      "name": "Label",
      "x": 2179,
      "y": 1352,
      "w": 251,
      "h": 12,
      "z": 17,
      "props": {
        "label": "DATA DE NASCIMENTO:"
      },
      "has": {
        "label": true,
        "padding": true,
        "advancedText": true
      },
      "style": {
        "fontSize": 12,
        "fontFamily": "Comic Sans MS, cursive, sans-serif",
        "textAlign": "left",
        "letterSpacing": 0,
        "lineHeight": 1,
        "color": "#333333",
        "textShadow": null,
        "fontWeight": "bold"
      },
      "id": "w10037_52076",
      "created": 1710523200034,
      "modified": 1710524027660
    },
    "w10038_91317": {
      "type": "Label",
      "name": "Label 1",
      "x": 2226,
      "y": 1186,
      "w": 234,
      "h": 41,
      "z": 18,
      "props": {
        "label": "CADASTRO"
      },
      "has": {
        "label": true,
        "padding": true,
        "advancedText": true
      },
      "style": {
        "fontSize": 40,
        "fontFamily": "Comic Sans MS, cursive, sans-serif",
        "textAlign": "left",
        "letterSpacing": 0,
        "lineHeight": 1,
        "color": "#333333",
        "textShadow": null,
        "fontStyle": "",
        "fontWeight": "bold",
        "textDecoration": "underline",
        "fixed": false
      },
      "id": "w10038_91317",
      "created": 1710523366191,
      "modified": 1710524199365
    },
    "w10039_19938": {
      "id": "w10039_19938",
      "type": "MobileDropDown",
      "name": "Modal Select",
      "x": 2182,
      "y": 1461,
      "w": 318,
      "h": 38,
      "z": 19,
      "props": {
        "options": [
          "Feminino",
          "Masculino",
          "Outros",
          "Prefiro não dizer"
        ]
      },
      "has": {
        "onclick": true,
        "border": true,
        "backgroundColor": true,
        "data": true,
        "padding": true,
        "label": true
      },
      "style": {
        "borderTopRightRadius": 3,
        "borderTopLeftRadius": 3,
        "borderBottomRightRadius": 3,
        "borderBottomLeftRadius": 3,
        "borderTopWidth": 1,
        "borderBottomWidth": 1,
        "borderRightWidth": 1,
        "borderLeftWidth": 1,
        "borderTopColor": "#333333",
        "borderBottomColor": "#333333",
        "borderRightColor": "#333333",
        "borderLeftColor": "#333333",
        "background": "#ffffff",
        "popupBackground": "#ffffff",
        "popupColor": "#333333",
        "color": "#333333",
        "fontSize": 18,
        "fontFamily": "Helvetica Neue,Helvetica,Arial,sans-serif",
        "textAlign": "left",
        "paddingTop": 5,
        "paddingBottom": 5,
        "paddingLeft": 6,
        "paddingRight": 6
      },
      "created": 1710523480039,
      "modified": 1710524164895
    },
    "w10040_24150": {
      "type": "Label",
      "name": "Label 2",
      "x": 2181,
      "y": 1440,
      "w": 251,
      "h": 12,
      "z": 20,
      "props": {
        "label": "SEXO:"
      },
      "has": {
        "label": true,
        "padding": true,
        "advancedText": true
      },
      "style": {
        "fontSize": 12,
        "fontFamily": "Comic Sans MS, cursive, sans-serif",
        "textAlign": "left",
        "letterSpacing": 0,
        "lineHeight": 1,
        "color": "#333333",
        "textShadow": null,
        "fontWeight": "bold"
      },
      "id": "w10040_24150",
      "created": 1710523548691,
      "modified": 1710524159946,
      "copyOf": "w10037_52076"
    },
    "w10041_18325": {
      "id": "w10041_18325",
      "type": "LabeledTextBox",
      "name": "Labeled Text Box 1",
      "x": 2182,
      "y": 1512,
      "w": 314,
      "h": 64,
      "z": 21,
      "props": {
        "label": "EMAIL:",
        "value": "",
        "placeholderLabel": "",
        "animated": false
      },
      "has": {
        "label": true,
        "backgroundColor": true,
        "border": true,
        "editable": true,
        "onclick": true,
        "padding": true
      },
      "style": {
        "color": "#333333",
        "labelColor": "#333333",
        "labelFontSize": 12,
        "labelFontWeight": "",
        "labelOffset": 0,
        "fontFamily": "Comic Sans MS, cursive, sans-serif",
        "borderTopRightRadius": 3,
        "borderTopLeftRadius": 3,
        "borderBottomRightRadius": 3,
        "borderBottomLeftRadius": 3,
        "borderTopWidth": 1,
        "borderBottomWidth": 1,
        "borderRightWidth": 1,
        "borderLeftWidth": 1,
        "fontSize": 20,
        "borderTopColor": "#333333",
        "borderBottomColor": "#333333",
        "borderRightColor": "#333333",
        "borderLeftColor": "#333333",
        "background": "#ffffff",
        "paddingTop": 5,
        "paddingBottom": 5,
        "paddingLeft": 5,
        "paddingRight": 5,
        "textAlign": "left",
        "inputHeight": 40,
        "fontWeight": "bold"
      },
      "error": {
        "borderTopColor": "#cc0000",
        "borderBottomColor": "#cc0000",
        "borderRightColor": "#cc0000",
        "borderLeftColor": "#cc0000",
        "background": "#ffcaca"
      },
      "focus": {
        "background": "#f2f2f2"
      },
      "created": 1710523662016,
      "modified": 1710524172251
    },
    "w10042_29627": {
      "id": "w10042_29627",
      "type": "LabeledTextBox",
      "name": "Labeled Text Box 2",
      "x": 2182,
      "y": 1595,
      "w": 312,
      "h": 64,
      "z": 22,
      "props": {
        "label": "SÉRIE:",
        "value": "",
        "placeholderLabel": "",
        "animated": false
      },
      "has": {
        "label": true,
        "backgroundColor": true,
        "border": true,
        "editable": true,
        "onclick": true,
        "padding": true
      },
      "style": {
        "color": "#333333",
        "labelColor": "#333333",
        "labelFontSize": 12,
        "labelFontWeight": "",
        "labelOffset": 0,
        "fontFamily": "Comic Sans MS, cursive, sans-serif",
        "borderTopRightRadius": 3,
        "borderTopLeftRadius": 3,
        "borderBottomRightRadius": 3,
        "borderBottomLeftRadius": 3,
        "borderTopWidth": 1,
        "borderBottomWidth": 1,
        "borderRightWidth": 1,
        "borderLeftWidth": 1,
        "fontSize": 18,
        "borderTopColor": "#333333",
        "borderBottomColor": "#333333",
        "borderRightColor": "#333333",
        "borderLeftColor": "#333333",
        "background": "#ffffff",
        "paddingTop": 5,
        "paddingBottom": 5,
        "paddingLeft": 5,
        "paddingRight": 5,
        "textAlign": "left",
        "inputHeight": 40,
        "fontWeight": "bold"
      },
      "error": {
        "borderTopColor": "#cc0000",
        "borderBottomColor": "#cc0000",
        "borderRightColor": "#cc0000",
        "borderLeftColor": "#cc0000",
        "background": "#ffcaca"
      },
      "focus": {
        "background": "#f2f2f2"
      },
      "created": 1710523731127,
      "modified": 1710524174901
    },
    "w10043_29157": {
      "id": "w10043_29157",
      "type": "LabeledTextBox",
      "name": "Labeled Text Box 3",
      "x": 2182,
      "y": 1674,
      "w": 310,
      "h": 64,
      "z": 23,
      "props": {
        "label": "SENHA:",
        "value": "",
        "placeholderLabel": "",
        "animated": false
      },
      "has": {
        "label": true,
        "backgroundColor": true,
        "border": true,
        "editable": true,
        "onclick": true,
        "padding": true
      },
      "style": {
        "color": "#333333",
        "labelColor": "#333333",
        "labelFontSize": 12,
        "labelFontWeight": "",
        "labelOffset": 0,
        "fontFamily": "Comic Sans MS, cursive, sans-serif",
        "borderTopRightRadius": 3,
        "borderTopLeftRadius": 3,
        "borderBottomRightRadius": 3,
        "borderBottomLeftRadius": 3,
        "borderTopWidth": 1,
        "borderBottomWidth": 1,
        "borderRightWidth": 1,
        "borderLeftWidth": 1,
        "fontSize": 18,
        "borderTopColor": "#333333",
        "borderBottomColor": "#333333",
        "borderRightColor": "#333333",
        "borderLeftColor": "#333333",
        "background": "#ffffff",
        "paddingTop": 5,
        "paddingBottom": 5,
        "paddingLeft": 5,
        "paddingRight": 5,
        "textAlign": "left",
        "inputHeight": 40,
        "fontWeight": "bold"
      },
      "error": {
        "borderTopColor": "#cc0000",
        "borderBottomColor": "#cc0000",
        "borderRightColor": "#cc0000",
        "borderLeftColor": "#cc0000",
        "background": "#ffcaca"
      },
      "focus": {
        "background": "#f2f2f2"
      },
      "created": 1710523769600,
      "modified": 1710524177815
    },
    "w10044_89618": {
      "id": "w10044_89618",
      "type": "LabeledTextBox",
      "name": "Labeled Text Box 4",
      "x": 2182,
      "y": 1754,
      "w": 307,
      "h": 64,
      "z": 24,
      "props": {
        "label": "CONFIRMAR SENHA:",
        "value": "",
        "placeholderLabel": "",
        "animated": false
      },
      "has": {
        "label": true,
        "backgroundColor": true,
        "border": true,
        "editable": true,
        "onclick": true,
        "padding": true
      },
      "style": {
        "color": "#333333",
        "labelColor": "#333333",
        "labelFontSize": 12,
        "labelFontWeight": "",
        "labelOffset": 0,
        "fontFamily": "Comic Sans MS, cursive, sans-serif",
        "borderTopRightRadius": 3,
        "borderTopLeftRadius": 3,
        "borderBottomRightRadius": 3,
        "borderBottomLeftRadius": 3,
        "borderTopWidth": 1,
        "borderBottomWidth": 1,
        "borderRightWidth": 1,
        "borderLeftWidth": 1,
        "fontSize": 18,
        "borderTopColor": "#333333",
        "borderBottomColor": "#333333",
        "borderRightColor": "#333333",
        "borderLeftColor": "#333333",
        "background": "#ffffff",
        "paddingTop": 5,
        "paddingBottom": 5,
        "paddingLeft": 5,
        "paddingRight": 5,
        "textAlign": "left",
        "inputHeight": 40,
        "fontWeight": "bold"
      },
      "error": {
        "borderTopColor": "#cc0000",
        "borderBottomColor": "#cc0000",
        "borderRightColor": "#cc0000",
        "borderLeftColor": "#cc0000",
        "background": "#ffcaca"
      },
      "focus": {
        "background": "#f2f2f2"
      },
      "created": 1710523804765,
      "modified": 1710524180987,
      "copyOf": "w10043_29157"
    },
    "w10046_41020": {
      "id": "w10046_41020",
      "type": "Button",
      "name": "Button",
      "x": 2271,
      "y": 1852,
      "w": 129,
      "h": 35,
      "z": 25,
      "props": {
        "label": "CRIAR"
      },
      "has": {
        "backgroundColor": true,
        "border": true,
        "onclick": true,
        "label": true,
        "padding": true
      },
      "actions": {},
      "style": {
        "fontFamily": "Impact, Charcoal, sans-serif",
        "borderTopRightRadius": 0,
        "borderTopLeftRadius": 0,
        "borderBottomRightRadius": 0,
        "borderBottomLeftRadius": 0,
        "borderTopWidth": 1,
        "borderBottomWidth": 1,
        "borderRightWidth": 1,
        "borderLeftWidth": 1,
        "borderTopColor": "#c5e26d",
        "borderBottomColor": "#c5e26d",
        "borderRightColor": "#c5e26d",
        "borderLeftColor": "#c5e26d",
        "background": "#77c475",
        "fontSize": 20,
        "textAlign": "center",
        "letterSpacing": 0,
        "lineHeight": 1,
        "color": "#d3e992",
        "paddingTop": 0,
        "paddingBottom": 0,
        "paddingLeft": 0,
        "paddingRight": 0,
        "verticalAlign": "middle"
      },
      "created": 1710523964321,
      "modified": 1710524185178,
      "copyOf": "w10006_65445"
    },
    "w10047_80302": {
      "type": "Label",
      "name": "Label 3",
      "x": 2226,
      "y": 1184,
      "w": 234,
      "h": 41,
      "z": 26,
      "props": {
        "label": "CADASTRO"
      },
      "has": {
        "label": true,
        "padding": true,
        "advancedText": true
      },
      "style": {
        "fontSize": 40,
        "fontFamily": "Comic Sans MS, cursive, sans-serif",
        "textAlign": "left",
        "letterSpacing": 0,
        "lineHeight": 1,
        "color": "#4cae4c",
        "textShadow": null,
        "fontStyle": "",
        "fontWeight": "bold",
        "textDecoration": "underline",
        "fixed": false
      },
      "id": "w10047_80302",
      "created": 1710524196285,
      "modified": 1710524205237,
      "copyOf": "w10038_91317"
    },
    "w10048_17133": {
      "id": "w10048_17133",
      "type": "Image",
      "name": "Image",
      "x": 1768,
      "y": 1652,
      "w": 132,
      "h": 120,
      "z": 27,
      "props": {},
      "has": {
        "onclick": true,
        "backgroundImage": true,
        "borderRadius": true
      },
      "actions": {},
      "style": {
        "borderTopRightRadius": 0,
        "borderTopLeftRadius": 0,
        "borderBottomRightRadius": 0,
        "borderBottomLeftRadius": 0,
        "borderTopWidth": 0,
        "borderBottomWidth": 0,
        "borderRightWidth": 0,
        "borderLeftWidth": 0,
        "borderTopColor": "#333333",
        "borderBottomColor": "#333333",
        "borderRightColor": "#333333",
        "borderLeftColor": "#333333",
        "backgroundImage": {
          "name": "Desenho-Livros-PNG-300x265.png",
          "url": "image1.png",
          "w": 300,
          "h": 265
        }
      },
      "created": 1710524215493,
      "modified": 1710524237078
    }
  },
  "lines": {
    "l10053_24402": {
      "id": "l10053_24402",
      "from": "w10006_65445",
      "to": "s10001_4574",
      "points": [],
      "event": "click",
      "animation": "transform",
      "duration": 250
    },
    "l10054_76813": {
      "id": "l10054_76813",
      "from": "w10007_74015",
      "to": "s10027_35909",
      "points": [],
      "event": "click"
    }
  },
  "groups": {
    "g10033_61564": {
      "id": "g10033_61564",
      "children": [
        "w10034_16114",
        "w10035_65961",
        "w10036_70938"
      ],
      "name": "Date Modal Select"
    }
  },
  "templates": {},
  "designtokens": {},
  "lastUUID": 10056,
  "lastUpdate": 1710524745106,
  "created": 1710514587586,
  "startScreen": "",
  "grid": {
    "w": 8,
    "h": 8,
    "style": "line",
    "color": "#cecece",
    "visible": false,
    "enabled": false
  },
  "domain": "Quant-UX.com",
  "id": "65f4619b8ee4ec60f3454ceb",
  "screenCount": 4,
  "widgetCount": 26,
  "lastCategory": "Lightning"
}